{"0": 0.2857142857142857, "1": 1.6859892017762848, "2": 1.2666356658625832, "3": 1.3372280965347, "4": 0.9664417191957401, "5": 3.0037295306571865, "6": 519.5320130744087}